Agent,Year,Delta_DPI,Delta_Consumption,MPC
0,2002,10018.642499448913,24924.958461622897,2.487857857288941
0,2003,8960.6954529926,14021.600152955798,1.5647892762913853
0,2005,6485.898918318577,-7838.550592774132,-1.2085526912291475
0,2008,3325.5099430643313,2318.734263010847,0.6972567524107961
0,2011,6830.581443190094,2814.520654404041,0.41204700914737535
0,2012,1514.6991408404865,5637.424037036908,3.721811074579983
0,2014,1461.8898345941852,-42.63246771944978,-0.029162572110835137
0,2017,3100.572082558021,-429.06187297351426,-0.13838151849046237
0,2018,8641.377664496787,8382.551313609569,0.9700480223251196
0,2019,1934.9395987308526,-3063.763069558321,-1.5833895133304812
1,2002,9787.822379740028,21284.397568244123,2.174579466450172
1,2003,9095.183576036536,12051.085076683186,1.3249963539421776
1,2005,6660.266694073056,6347.512963848465,0.9530418608457663
1,2008,3000.82872293939,1919.3298483766557,0.6395999324135441
1,2011,6526.32541312238,7157.796383985711,1.096757506083537
1,2012,1548.848392942018,-11664.732881880263,-7.53122961229488
1,2014,1519.0277510020096,901.4894487039564,0.593464765939463
1,2017,3086.299458493013,-92.8969988841418,-0.03009980079169045
1,2018,8744.019427782405,-10230.41116077629,-1.169989527730367
1,2019,2092.3076728293236,14591.803601169624,6.9740238448955525
2,2002,10580.30798275012,20246.864120239785,1.9136365551220045
2,2003,9339.890272032091,15471.615751979116,1.6565093701698208
2,2005,6585.3980447759095,6073.845336314538,0.9223201536212108
2,2008,3380.080044656919,2970.690907657743,0.8788818218532072
2,2011,6739.60455585501,6605.419183037724,0.9800900228336523
2,2012,1624.6821902168158,2364.859328157996,1.4555827240541135
2,2014,1517.8692153630109,606.2476557938644,0.3994070435435212
2,2017,3109.8029827684513,-6882.143013544439,-2.2130479170798543
2,2018,8823.802291141445,26281.46499443527,2.9784739194372305
2,2019,2088.539731773635,-4697.988517927108,-2.2494130451315235
3,2002,10803.625362874736,6698.971983992269,0.620067038515832
3,2003,9592.621579373357,33477.531479930825,3.4899251683102213
3,2005,6467.433840283629,1700.339090992784,0.2629078445923794
3,2008,2772.8017615160497,-1202.0334254116315,-0.43350860566188143
3,2011,6819.736009540851,-1969.6039380937436,-0.2888094107071382
3,2012,1978.1262517220312,14809.148071710239,7.486452423761292
3,2014,1557.4410215871612,159.62865436462744,0.10249418896257954
3,2017,2578.412047008169,872.631893525424,0.33843771965693864
3,2018,9071.1413156872,11141.987954812474,1.2282895356887507
3,2019,2222.175113684454,1181.0816338210425,0.5314980023616422
4,2002,12089.841468024882,20855.911287288996,1.725077317386547
4,2003,9736.040633839395,9817.204453569502,1.0083364298468525
4,2005,7315.119881087216,34484.917332229714,4.714197155044349
4,2008,2957.7728781571495,3445.8748054487514,1.1650234644100583
4,2011,6519.097914580823,8007.463909660786,1.2283085811230163
4,2012,1953.665711474605,153.6994823666464,0.07867235498064598
4,2014,1241.027940896165,-5852.099295597771,-4.715525817550797
4,2017,2613.2238133915234,-407.9064897472563,-0.1560932085713173
4,2018,8890.416404415955,6623.203209909712,0.74498233925465
4,2019,2094.2436059142638,9454.927536327945,4.514721930928517
5,2002,11052.771370180257,19124.119739344307,1.7302556163371012
5,2003,9281.856695543363,21808.59652709427,2.3495941859957346
5,2005,7027.138173309635,19656.15415773804,2.7971776949535068
5,2008,3249.5696575171023,-11952.38696859144,-3.678144563216994
5,2011,6389.521357538179,911.2373201096198,0.14261433198506607
5,2012,1802.6128101009817,2221.0748321058636,1.232141932898746
5,2014,1588.1836983010726,5795.492529639712,3.649132361602328
5,2017,2913.472422519728,391.192320195114,0.13427012975011784
5,2018,8550.008143884654,2208.274748104319,0.25827750230668206
5,2019,2165.64285491404,19185.053931110495,8.858826323822447
6,2002,11352.747414920348,15058.951939828126,1.3264588200065914
6,2003,9763.726288715785,7102.199263082934,0.7274066327823165
6,2005,6895.530739257141,3060.0707869428006,0.4437759619461088
6,2008,2951.4144433148176,-1555.5076691901922,-0.5270380351744696
6,2011,7081.919428135065,2451.154913428574,0.346114487506116
6,2012,1723.663362957901,3136.0855038650334,1.8194303895183677
6,2014,1591.3315511481342,-2933.9587631598115,-1.8437130596970703
6,2017,2991.8188332906284,-9732.859665469834,-3.253158098067355
6,2018,8418.813657347215,14594.689558639337,1.7335803062825068
6,2019,2664.576363123284,20076.90431796582,7.534745333563144
7,2002,11674.37736186765,22806.41844370689,1.9535447362015335
7,2003,9674.016758643484,-7458.810689339312,-0.7710148612958581
7,2005,6660.077214473495,-26333.054278104042,-3.9538662135744884
7,2008,3477.426981364799,29903.120234782284,8.599208666358853
7,2011,6914.064835460711,6317.012541736753,0.9136467030708464
7,2012,1964.149558235702,1849.7322226970136,0.94174713679061
7,2014,1547.1062427403958,18358.700964159652,11.866477205625392
7,2017,2594.650580000758,-5232.884313735936,-2.0167973113876503
7,2018,9220.43151307611,23836.814324124512,2.5852167862556037
7,2019,2595.91547825461,-5519.772518669313,-2.1263298304229026
8,2002,12617.375255532781,17024.198473365446,1.3492662402903688
8,2003,9403.233718468735,20834.271844622723,2.21564968694785
8,2004,2229.492013749099,-794.077879985547,-0.3561698696781743
8,2005,6527.351427422007,6770.029087478833,1.0371785804326874
8,2008,1932.154371893179,8336.972299930552,4.314858285242371
8,2011,5288.366740031954,15424.777051574783,2.9167373992450423
8,2012,2440.9858613333054,-2200.0830304373085,-0.9013092067790954
8,2014,3130.688045369272,-12338.331953227622,-3.9410927484383986
8,2017,2758.060621062483,3288.6636215636245,1.1923826461423963
8,2018,8657.80639880008,14753.39230322119,1.704056619384088
8,2019,3208.0243695552053,-3635.4158216901997,-1.133225749838756
9,2002,11573.017514679857,26624.44863599357,2.3005623729698534
9,2003,10163.919234955247,25579.076462400903,2.5166548327568967
9,2004,1522.8898658535327,-1797.4733082318853,-1.1803042022506711
9,2005,6566.915267943914,8727.963549925698,1.3290811886260874
9,2008,3119.3050142188295,-84.27900210639928,-0.027018519100321246
9,2011,6914.725418414993,880.782117775263,0.127377743074165
9,2012,1865.8904385525966,6304.145910108855,3.378625979239751
9,2014,1584.575217157966,53.223530561459484,0.033588516332420736
9,2017,3088.1921534385037,-9795.417500599506,-3.171893785719563
9,2018,8143.736623423727,22973.610321986882,2.82101587812997
9,2019,1547.9663722617115,5949.216383010338,3.8432465262911513
10,2002,12913.38465243169,13825.640370639783,1.0706441992368212
10,2003,10854.304509769165,27573.228657761283,2.540303584899856
10,2005,7171.425784202351,6866.029709940325,0.9574148734921345
10,2008,2931.559251728264,4634.621022591862,1.5809405932558176
10,2011,6786.45864374224,5663.238232691045,0.8344909370239939
10,2012,2140.38130179976,2995.7723938207346,1.399644255582737
10,2014,1118.6982633302978,5172.051799454552,4.623276864717447
10,2017,2596.6328672562813,134.97320250669145,0.05198008706148366
10,2018,9119.506216151101,-1299.787154240039,-0.14252823819978883
10,2019,2519.3671700621344,24921.555752977933,9.891990357389352
11,2002,12070.937680075018,14947.174381134835,1.2382778187818415
11,2003,9416.016768368747,36317.039820686405,3.8569429849239802
11,2004,1529.5206086288235,-4396.564983434902,-2.874472536448078
11,2005,6936.189725411576,28716.06116628254,4.140033981636597
11,2008,2984.084358953609,2890.7715775067336,0.9687298446617655
11,2011,7093.8250573290425,4779.361258218181,0.6737354275857629
11,2012,1821.343944944936,2793.383895740233,1.5336937888602278
11,2014,1770.6003729297372,-1920.8072981717269,-1.0848338945018117
11,2017,2398.2487769881263,-14004.011982459764,-5.839265766267541
11,2018,9151.585019159611,36494.11521049442,3.9877371115594653
11,2019,2985.642124543723,-16843.523724897866,-5.641507931052505
12,2002,12665.936644590533,29721.61749763864,2.3465787277826293
12,2003,10673.681281127152,-14508.44492493452,-1.3592728265727654
12,2004,1735.6676331755007,42655.549208998535,24.57587408653685
12,2005,7063.716318872117,14696.614984412852,2.080578313309091
12,2008,3085.3515009095427,1983.892902264066,0.6430038527795703
12,2011,6190.838948943507,4400.832514455993,0.7108620577518034
12,2012,2328.7701506925805,-516.7712461484771,-0.22190736427757302
12,2014,1677.0934429492481,776.5796345487033,0.4630509038202733
12,2017,1909.0492932942434,-1931.1952868304943,-1.0116005352056865
12,2018,9325.599635965511,23587.844703339055,2.5293649335286874
12,2019,2869.386984837256,-15553.013764379619,-5.420326308917772
13,2002,12533.010406646325,17030.094074585963,1.358819112250542
13,2003,9839.703975888027,42204.90500408446,4.28924539879519
13,2004,1414.9973757071566,-6561.225680661359,-4.636917207978801
13,2005,7810.288962325925,-12741.268244725608,-1.6313440266019588
13,2008,3768.122582610711,7696.473554889642,2.042522074628795
13,2011,5847.893739371619,-7820.0323416740575,-1.3372391309070457
13,2012,2329.359180236599,23187.576538936177,9.954487369603925
13,2014,1664.9212695137394,4885.931326102131,2.934632054721198
13,2017,2302.1540504746517,-10228.60163059477,-4.443056983300429
13,2018,8423.383401601357,27215.576970641603,3.2309555048233576
13,2019,2513.896403619219,5738.27567004005,2.282622172408831
14,2002,15630.725432770108,13801.197418378695,0.8829530963063446
14,2003,10312.347713227166,38751.851621392576,3.757810801093081
14,2004,1410.2209892199462,8916.021460046293,6.322428561340678
14,2005,7038.285275016577,13037.323557668191,1.8523437241093479
14,2008,1687.5857857356896,8461.909115151459,5.014209758505732
14,2011,6128.765969109067,12103.583200621375,1.9748809567255938
14,2012,2409.6876472420554,-20996.061895627034,-8.713188167627255
14,2014,2094.2168488768802,-9090.164778206017,-4.340603401735133
14,2017,2240.229521523652,-3230.8691386892606,-1.4422045186208612
14,2018,8972.702120169604,11843.836716023972,1.3199855024051659
14,2019,2707.0134506892355,5497.498153777473,2.0308351819891213
15,2002,14430.72581778247,17890.07757877471,1.239721258977106
15,2003,11065.197692282964,16599.22975126673,1.5001295243774346
15,2004,3233.4080002842384,1368.88547491598,0.42335686520094146
15,2005,5292.845794012901,4106.9602016006975,0.7759455615061297
15,2008,2073.0644762548327,536.4472443877603,0.25877016876816966
15,2011,5756.202091908694,12750.150663457942,2.215028322473322
15,2012,1361.986578003809,308.1929260410252,0.22628191130394773
15,2014,2742.4218229174003,-4301.404195327967,-1.5684692119143488
15,2017,3249.5614810255065,-7080.67664020267,-2.1789637406608255
15,2018,9781.428761751682,15890.05718701442,1.6245128982740544
15,2019,1352.5674071375106,5363.913038654457,3.9657269651398064
16,2002,14253.5178115827,5046.630422171889,0.3540620981348825
16,2003,10698.292833850312,39886.94560878935,3.7283467772151133
16,2004,3009.626854201706,1628.167513373046,0.5409865050545983
16,2005,6719.205062810768,-398.3736955750501,-0.059288813460978515
16,2008,2937.5740597603,3819.3875825676078,1.3001842693556676
16,2011,9051.914247663502,13964.270456693543,1.5426870023981973
16,2012,2431.7813374957914,-8776.78775193388,-3.609201048056431
16,2017,3310.2453954523808,-5073.758897963722,-1.5327440391380223
16,2018,10666.527988972506,745.0736651106126,0.0698515642466696
16,2019,1574.4916623307654,11134.31427930978,7.071688307848727
17,2002,16626.10972902608,13181.214219206347,0.7928020706007016
17,2003,8601.72220868386,-9804.61853163509,-1.1398436608121159
17,2004,4234.831819059196,49092.28021999479,11.592498195335903
17,2005,5683.906092442136,11309.815060594236,1.9897962557180258
17,2008,4092.802153322875,-10657.90037063828,-2.6040595101782076
17,2011,7452.497553217079,2339.4878846064967,0.31391998023489337
17,2012,1674.2750297532039,15526.07091232913,9.273309722965735
17,2014,1812.569765335982,-242.52106624557928,-0.1337995760955579
17,2017,2915.8768966666685,-5692.094656345682,-1.9521038980941519
17,2018,10098.452288727465,-8164.638503105758,-0.8085039439379881
17,2019,2840.4601605587814,14837.55330500759,5.22364422181817
18,2002,13860.75358525438,37101.345233620406,2.676719198953965
18,2003,12162.65806318444,-16876.112697244083,-1.3875349129748995
18,2004,3611.657247296491,22881.176947063665,6.3353677772693935
18,2005,4977.942677535088,15558.243545757447,3.1254364611248144
18,2008,3053.2627792365383,5429.288174743793,1.778192238042929
18,2011,7652.589085883301,5325.320394942071,0.695884796005272
18,2012,1812.1467467023467,3146.2168213549594,1.7361821425777388
18,2014,2469.156167210953,-2635.903839276216,-1.0675322501993114
18,2017,1917.9882607399923,-1634.8786003031419,-0.8523923914280779
18,2018,8368.451863227165,17893.98681585092,2.1382672814885955
18,2019,2349.550676346582,-1089.2416354152665,-0.4635957191223368
19,2002,14540.515747469399,19196.669877392167,1.320219324457808
19,2003,10205.20582136995,24038.735027489674,2.355536522071116
19,2004,2471.3645451361226,21636.556657932015,8.754902914066154
19,2005,8456.896339796047,8245.929384678573,0.975053855854338
19,2008,1007.0281094989041,33117.09348341462,32.88596730422316
19,2011,3805.915811255458,13825.287708495453,3.632578436866396
19,2012,2495.9467291359906,8044.064818741055,3.222851162983606
19,2014,2587.700045608275,-6285.948899415904,-2.429164427339299
19,2017,2104.1920423930715,-736.6187949629966,-0.35007203721065744
19,2018,7995.364564798001,10286.205354905163,1.2865211175226803
19,2019,4511.125601036998,15572.914715508086,3.4521128633457363
20,2002,15258.61611628678,38178.45741558037,2.502091744403305
20,2003,13128.135867186153,12995.98583887516,0.9899338314557437
20,2004,1597.610141254234,-3890.3891013562534,-2.435130449473756
20,2005,7800.957133231568,13828.577195352656,1.7726769881151916
20,2008,3235.294505321159,24470.59615176743,7.5636379042217365
20,2011,5899.522095293389,9486.328461038647,1.6079825293995926
20,2012,3782.5589745546167,-201.75430647155736,-0.053338046499410686
20,2017,2112.096795394071,-9058.831657569055,-4.289022963968314
20,2018,8191.02544776717,27531.19288590776,3.361141173528232
20,2019,4005.741372258257,1096.5701797378715,0.2737496203155209
21,2002,16342.002587063937,26598.418997123503,1.6276107444860142
21,2003,11944.078872976766,17188.45031545723,1.4390770940357525
21,2004,4047.232831934467,-7989.77574481332,-1.9741329635820395
21,2005,6173.22456204606,14140.369940498145,2.2905970450897457
21,2008,2092.6826855195104,8346.942136925412,3.988632483406473
21,2011,7811.893649599078,2353.554799318168,0.30127839738818735
21,2012,2820.62823829439,-3096.8583101132535,-1.0979321089070204
21,2014,1787.3592808564717,20983.089627762747,11.739715597475183
21,2017,1311.420659202733,-4952.348031315516,-3.776323025387028
21,2018,9879.66496051586,9669.088444080146,0.9786858646242271
21,2019,2863.671461756341,6872.463919248665,2.3998786212136425
22,2002,15987.26732727472,29945.288031675853,1.8730710770431895
22,2003,12935.76066936148,15846.264452562144,1.2249967247843592
22,2004,2289.1083926716237,-3608.8881533684034,-1.5765475173311745
22,2005,6724.6476737349585,17717.85779887592,2.6347637316491834
22,2008,4046.672263827524,308.4671188770444,0.07622735392593478
22,2011,5959.522841531929,5892.5384398195165,0.9887601065565857
22,2012,2519.0413890332857,13922.123807160038,5.526754688418531
22,2014,2721.8657448116282,-5560.990620224649,-2.043080424089583
22,2017,2177.2171346786636,-19966.366324269693,-9.170590294484587
22,2018,9714.653583983367,24437.135487884734,2.515492217671503
22,2019,3774.7585532907106,8748.339105359191,2.317589054201275
23,2002,17827.85251301834,61993.334026956654,3.47733042898395
23,2003,11527.177537732568,20760.539673075153,1.8010080616107884
23,2004,2264.025753628317,7352.209102989698,3.247405243163459
23,2005,6478.310704862117,1757.7770937781315,0.27133263189412643
23,2011,8132.137454447453,-12186.423230213899,-1.4985510634168098
23,2012,1877.8141781698505,9732.02084112665,5.182632527895621
23,2018,7689.045156092237,29006.374795295313,3.772428722480942
23,2019,5531.040046634444,10730.48337753414,1.9400480356426781
24,2002,16783.81647092328,27904.99469413419,1.6626131930408992
24,2003,16076.396719590295,2909.225346036692,0.18096252517155056
24,2004,2356.1361320363358,12833.756660262865,5.446950405692834
24,2005,8538.802899834729,34544.12183652987,4.045546224892775
24,2011,7272.590977897984,9517.858512715058,1.3087300718053072
24,2012,2933.3842949711834,-13628.041559719102,-4.645842545445611
24,2014,3149.7334617103916,-30889.295052890782,-9.806955232369742
24,2017,2037.808577623713,-332.94123141805176,-0.16338199528352867
24,2018,9963.248865094705,7035.9118906027,0.7061865046101927
24,2019,2159.2236355077184,25666.87487243436,11.887084992193996
25,2002,12427.397330886088,29625.62974094969,2.3838965595250143
25,2003,12490.735803223215,37646.92749241687,3.0139879736069783
25,2004,2721.980246553285,-13688.238799864455,-5.028779623657162
25,2005,7854.201183416677,18843.39704327,2.399148761691496
25,2011,5645.851712240488,11016.754687539273,1.9513007512497005
25,2012,2658.5904760858684,2618.5814094690722,0.984951023116693
25,2014,2991.4120769288857,-1591.7940526790335,-0.5321212897934272
25,2017,1946.1876981600071,-569.469545766915,-0.29260772036803595
25,2018,9147.152147128363,-6066.561129803929,-0.6632185659783141
25,2019,3295.179633126856,26431.02973550344,8.021119537699544
26,2002,16169.411643595537,19841.861464166737,1.2271232807673496
26,2003,13674.048847914586,32070.663636389625,2.3453670520769485
26,2004,1985.9812098946422,3934.3787457483413,1.9810755137794396
26,2005,10845.827787084592,36083.71592426582,3.3269674415478887
26,2008,3986.5144591046264,-3256.2810246290755,-0.8168240848072675
26,2011,4541.423538828152,2645.604808529388,0.5825496754288738
26,2012,2171.3979532678204,18982.57496364042,8.74209857989081
26,2014,4086.723320770514,-11717.003114831256,-2.8670898896630277
26,2017,3304.808434463077,-419.3915448200132,-0.1269034357472979
26,2018,8579.351952575205,4329.535581084405,0.5046459924965355
26,2019,3372.932088078378,9218.667517078837,2.7331316718952627
27,2002,20547.971805475157,87458.46887483697,4.256306641978797
27,2003,9563.211071422353,28477.642073517956,2.9778326401910555
27,2004,3469.3438487349486,7001.323728980293,2.0180541434465296
27,2005,8223.261326542677,19700.074450674176,2.39565224409045
27,2008,1872.9564571540395,827.9837381029502,0.4420731378673228
27,2011,5519.97332364085,7055.576935881982,1.278190404592079
27,2012,3193.169383616245,2678.4935755076876,0.8388197598444683
27,2014,1918.2550754755794,13183.357148157666,6.872577748759095
27,2017,4184.121452591033,1899.2271550575097,0.45391300816122493
27,2018,8117.765397379815,-7844.916603452002,-0.9663886820360834
27,2019,3378.7682821749477,3222.1237230354163,0.9536385611390025
27,2020,1617.7317390391545,26186.251700697147,16.18701733344885
28,2002,17712.653889157504,75510.5187526016,4.263083286396967
28,2003,12874.22208736249,8023.419518700597,0.6232158699962536
28,2004,3320.4808955892804,2136.901696157409,0.6435518719580455
28,2005,6891.669779982098,8417.084802514786,1.221341862165754
28,2008,2944.91894712465,-5070.1236905210535,-1.7216513532473972
28,2011,5641.833691466716,13085.413623690663,2.319354723887444
28,2012,4424.151534921344,-5128.316327453387,-1.1591638050762567
28,2015,1198.2885397455248,-21171.89778043062,-17.668447187959256
28,2018,8547.142535135557,9975.603633921943,1.167127328567913
28,2019,2843.28048218778,-1304.7574255990912,-0.4588915633800354
29,2002,19012.308984426913,9121.907749510065,0.4797895803703732
29,2003,14350.855129310541,17760.64009481024,1.237601518151728
29,2004,5787.409542482899,40452.66267636651,6.989770186371088
29,2005,7228.541553058458,-8563.697116153518,-1.1847060784384846
29,2008,4672.225331279071,-24212.944255007576,-5.182315179216545
29,2011,8091.13809672682,-13071.468273946084,-1.6155290044096517
29,2012,3576.278116326139,3958.743927014875,1.1069452090268745
29,2014,5185.324771246727,42029.42563261982,8.10545674316838
29,2015,3716.3986159069464,-45847.51122258903,-12.336542971023697
29,2017,4017.4219138659537,-51.16889437276404,-0.0127367489573741
29,2018,4404.966042008047,28094.766871648753,6.377975812690142
29,2019,2587.666332618275,6774.229258209729,2.617891330431064
29,2020,5459.126389584475,-15921.170550457973,-2.916431936954994
30,2002,18288.60929640819,28586.24467524959,1.5630627901741994
30,2003,14921.507939316012,32646.680270375,2.187894172837299
30,2004,1896.30414455969,-23764.797033499635,-12.532165318352806
30,2005,8431.726073688857,51378.66578203754,6.09349323412727
30,2006,1707.0628872016096,-9331.48441652715,-5.466397568881756
30,2011,6924.8841839757515,5881.245217352611,0.8492914915403017
30,2012,1791.234802507708,10244.506773092173,5.719242814370277
30,2014,3437.472112170508,-1409.2877039372688,-0.40997793086018913
30,2017,3818.7122259891185,-5232.076527892146,-1.3701154258977815
30,2018,9034.484398874396,-1620.534575472644,-0.17937211510095097
30,2019,3733.850790351775,27725.015856808313,7.425314350656277
31,2002,16541.914442835056,33665.58112651498,2.035168374425782
31,2003,13656.891680342582,33382.12352991395,2.4443427033959284
31,2004,4039.7645880450145,-13778.285309587023,-3.4106654012368636
31,2005,11016.99808697973,10900.412640230963,0.9894176756836737
31,2008,2927.6946404899645,4123.456403812568,1.4084311754324512
31,2011,6912.606455180503,-21307.47195735635,-3.0824077857619
31,2012,5073.489747396641,9141.424972379202,1.8018021968153064
31,2014,1838.8725736415072,1437.3675085919676,0.7816569397984757
31,2015,5697.572086975706,-60344.465573628724,-10.591259689644367
31,2017,1742.6644160931464,-22298.047441660456,-12.795376571497407
31,2018,2342.5599689513037,68999.78427966038,29.454863565584443
31,2019,3032.0560112902604,-255.51059180949233,-0.08426974662013662
32,2002,16514.472101878986,19541.39647493085,1.1832891995807402
32,2003,15301.628543753526,10777.402214803049,0.7043304040472627
32,2004,3158.7662622207426,34352.99456061539,10.875446838685628
32,2005,13879.666933956818,-1325.93626192605,-0.09553084149895029
32,2011,8540.135435406351,-19537.679320091265,-2.287748182434022
32,2012,3500.724878841458,40179.74605111239,11.47755034791812
32,2014,3929.988876191579,-1656.7793783186062,-0.4215735541531954
32,2017,1279.054205387365,-5939.971885010076,-4.644034521751281
32,2018,10228.674997195572,20186.96672484622,1.9735661491230236
32,2019,4903.676560886408,-3462.560528327711,-0.7061151944535683
33,2002,20617.522935638874,29629.69648718649,1.437112333022772
33,2003,14271.043119174603,-10376.551993264584,-0.7271053634000045
33,2004,6423.403985190351,82219.93076915314,12.800056007487226
33,2005,8925.011126890837,11359.085420421296,1.272725071030629
33,2007,5024.031109440955,-68234.22239375097,-13.58156844720328
33,2011,6869.63383004471,3450.5885948702926,0.5022958545154124
33,2012,3333.8758619986183,3783.4994152309373,1.134865115512362
33,2014,1841.5536905345507,1717.7979257301486,0.9327981771910873
33,2017,1453.111918010778,279.77705465251347,0.1925364806280794
33,2018,10270.635566452198,-34746.87107971973,-3.383127641410647
33,2019,5146.360757288843,70209.4939636244,13.642551945894189
34,2002,19362.841770637897,46170.930682304155,2.384512109803967
34,2003,9210.22401801034,49385.37134294154,5.362016303443847
34,2004,6992.655797266576,-32070.55150508965,-4.586319194722269
34,2005,7078.394690314832,34754.13959517385,4.909890040848805
34,2008,4484.6701986512635,23044.271208704085,5.138453930376977
34,2011,5035.500795570551,6253.907695215574,1.2419634012801242
34,2012,3255.3192295186163,14624.73807115585,4.49256648581236
34,2013,1314.365011597285,-16703.50459451953,-12.70842151695788
34,2014,2074.0388818584033,5874.493100827589,2.8323929470231826
34,2017,1285.78194178376,1997.082625452109,1.5532047546736925
34,2018,10330.476584812335,8252.57243413938,0.7988568936182625
34,2019,1803.9793428844423,10991.837742999778,6.0931062134140435
35,2002,21266.81576469011,30706.648266783668,1.4438761592963427
35,2003,15287.186498474388,40154.19729436905,2.6266571221837522
35,2004,7121.497015802219,-12010.00933395556,-1.686444480325695
35,2005,9123.886008344009,5693.9511913134775,0.6240708384679757
35,2008,2662.2616392877826,2965.3643626928097,1.1138515910427624
35,2011,3101.418132224382,-3755.898392808187,-1.2110261282681036
35,2012,2890.1867589340254,49100.0604045167,16.98854243683064
35,2013,1488.0652889603225,-18647.07849174246,-12.531088944874691
35,2018,10498.611298423726,9945.706216910592,0.9473354079128401
35,2019,4121.884740157955,2806.848695208173,0.6809624412497792
35,2020,3662.054082391667,-11897.669381160638,-3.248905972844163
36,2002,16643.85277533889,53959.73566739973,3.2420219282011185
36,2003,23594.424167382735,-4843.510206923282,-0.20528198410618634
36,2005,11931.80807121357,14361.288929356815,1.203613806360543
36,2006,1332.578634005331,-11144.499628954887,-8.363108445959298
36,2008,3519.8639034319785,-9616.483618067417,-2.7320612051764392
36,2010,1194.0355013990775,-42703.45788777774,-35.76397673079332
36,2013,15842.77807616425,-48291.01291804497,-3.0481404641209795
36,2018,25405.839039910148,-31325.69074877104,-1.233011462426467
36,2020,8145.68936191668,-19900.323978846747,-2.443049703305185
37,2002,21166.433141897694,72678.50270812683,3.433667931715149
37,2003,18227.718610768963,7679.474278240552,0.4213074846187008
37,2004,2938.872875211964,-20767.42711410456,-7.066459828619408
37,2005,7056.530578532751,32840.97613827724,4.653983394925753
37,2006,3498.241741324455,-9179.564111152256,-2.624050820363495
37,2008,7042.033436717,-46595.134521254804,-6.616715887531696
37,2011,6247.094994419371,3010.927595638961,0.4819724365210823
37,2012,3363.035287509527,3654.5514558921277,1.0866824589873636
37,2014,4270.676434953115,-6593.574226913421,-1.5439180015954095
37,2018,12549.15660341931,7086.680264669849,0.5647136687049485
37,2019,1851.051405386679,9968.582305183983,5.38536221964164
37,2020,5104.784549548611,-20173.17727207957,-3.951817569629531
38,2002,14013.679319165181,-8796.388352171998,-0.6277001315523191
38,2003,14983.171019108297,118498.781136025,7.90879186955161
38,2004,7182.45797579232,-28944.97799165541,-4.029954381802338
38,2005,9770.834892049228,14301.397018975724,1.4636821906194657
38,2008,3053.1983498122136,12891.801661383768,4.2223924502568515
38,2011,4602.0449465287675,-7653.695043618267,-1.6631074082384396
38,2012,5830.969540955877,21661.41832397267,3.7148913524287916
38,2013,1947.1015211222693,-22042.577061939606,-11.320712773741104
38,2017,1402.3005896251125,-13181.36849719967,-9.399816697448259
38,2018,13858.003538818972,23046.757151816273,1.663064747187992
38,2019,4412.3165902745095,-12397.692879393144,-2.80979223175412
38,2020,1257.5583415329165,974.5290034848149,0.7749374095017337
39,2002,28573.873100531957,8989.940952413017,0.3146210148265008
39,2003,8752.346413792373,52415.52565397904,5.988739839111042
39,2004,9996.008786854276,90052.68963073508,9.008864592952653
39,2005,8644.23977422886,-63476.044889687095,-7.343161058411259
39,2012,5221.697955384036,-4229.131239131617,-0.8099149501305425
39,2014,2284.265837791114,3534.4883452887298,1.5473191809875253
39,2018,10913.490961940086,-56470.92903836063,-5.174414789483806
39,2019,10956.28877705842,51510.78234874015,4.701480893475494
40,2002,26509.187054876587,7665.9137861119525,0.2891795123797183
40,2003,12856.202374720771,-26704.007378082897,-2.0771302908696545
40,2004,8784.549710752093,64046.100050675304,7.290766420535398
40,2005,6152.330783686746,59208.459262321936,9.623744454592156
40,2011,11422.432074239507,20275.061056316947,1.7750213723785124
40,2013,2312.063711802679,56284.75883931969,24.34394802876577
40,2018,11303.510083815549,6224.8366263328935,0.5506994358545017
40,2019,4566.958943971607,38210.9344725039,8.366822417561337
41,2002,20327.744597693993,60215.21981473324,2.962218436253087
41,2003,13229.378951781488,-24231.659266458388,-1.8316550878751052
41,2004,4532.092892236105,55039.47501689728,12.144383693278881
41,2005,9465.047106753598,12575.938826535596,1.3286715517308183
41,2008,5808.229515604442,-12148.179215512355,-2.0915460008725457
41,2011,4483.934655206365,5746.170026413049,1.2815017319088453
41,2012,6228.141050629172,-202.14325748712872,-0.032456435370343456
41,2014,4872.410726384609,11455.969861346937,2.3511913310821013
41,2017,2572.6990283514315,-13624.147270965885,-5.2956630841098224
41,2018,8654.765938234836,19495.20736702133,2.252540104047855
41,2019,6769.712854553072,-2941.527186287887,-0.4345128441170911
42,2002,25797.851601255185,-973.8812942558434,-0.03775048051708537
42,2003,9009.508033669757,51543.27546652037,5.720986681392162
42,2004,10104.662591292348,-8077.878997971595,-0.7994209529502424
42,2005,7262.02351860347,52890.10055403292,7.283107858097932
42,2008,5805.567386940937,10213.971310551424,1.7593407551390698
42,2011,7155.18800764787,-31234.074987569766,-4.365234701615809
42,2012,7010.628069004539,25146.045848030277,3.5868463710414527
42,2014,5165.033973169047,6901.071239295095,1.3361134263867946
42,2018,10852.45778381129,64656.43846693111,5.957769175880114
42,2019,4057.669080819498,-26072.768900478026,-6.425553287162662
42,2020,5124.117893391813,-8048.835369367822,-1.5707748215059212
43,2002,21263.327033925743,73992.94567248232,3.4798385762691892
43,2003,16049.926088393957,21487.332170295238,1.3387807552480373
43,2004,6964.79730878101,-20903.44940628129,-3.0013004656900555
43,2005,6177.669396934303,35346.28071795186,5.721620638277051
43,2008,5470.763582206739,6416.431425508519,1.1728584737928534
43,2011,6430.138545344846,2135.257995902968,0.33207029379620545
43,2012,6552.633040146175,846.3145999394474,0.12915641616954762
43,2017,2649.698696658481,1427.766163697088,0.5388409502928145
43,2018,10933.623495855572,-8087.5348390607105,-0.7396939214274498
43,2019,2189.0337875596306,29323.77823153723,13.395763189305471
43,2020,1979.8231567337643,3989.065735345299,2.0148596210614613
44,2002,19143.21789695701,63616.809615664155,3.323203546974024
44,2003,14753.906096831517,46699.0116698331,3.165196481754887
44,2004,10657.760232392233,-7005.658055474982,-0.6573292983438132
44,2005,7636.876022259035,6719.169887863827,0.8798322597197611
44,2011,7021.438649803458,8189.01407750207,1.1662872077834496
44,2012,3404.6889145044843,-5640.421906151605,-1.6566629280350882
44,2013,2835.550325576478,9318.418180176639,3.2862820652926237
44,2014,2405.872202683182,-13422.50276115362,-5.579058915175956
44,2018,7597.363341520366,-1643.1477039834717,-0.21627867855200525
44,2019,7114.108870691998,-1490.3111727018259,-0.20948669746135912
45,2002,61507.841417772055,-5748.809403469102,-0.09346465866721251
45,2003,10076.486438742519,51407.63980318932,5.101742568276077
45,2004,10030.59683748029,-9992.496194598934,-0.9962015577439032
45,2011,10546.700423790258,-4576.7874734259385,-0.43395443973188524
45,2014,2304.198693961167,-1426.6822619315353,-0.6191663356422246
45,2015,2509.5191978937655,20701.97014671925,8.24937707752719
45,2018,19954.196021125157,-40020.110353674914,-2.0055987377946134
45,2020,2650.539139236411,-2358.572675051837,-0.8898463863964349
46,2002,26786.177788096888,95829.59597527361,3.577576343044281
46,2003,11190.43566947407,-30244.1546744926,-2.7026789275947842
46,2004,5924.236275346135,23212.75727208203,3.9182700002500797
46,2005,9477.557695437135,53322.75904056383,5.626213076627904
46,2008,6089.628399715613,9849.769834427076,1.617466483650638
46,2012,7218.802320177783,10358.615337361436,1.4349493001640092
46,2014,8700.591365719476,-2945.7080811933556,-0.3385641225261436
46,2018,10811.136760902824,6193.0613443244365,0.5728409029770947
46,2019,4587.728986062517,11420.645218210411,2.4893896855952558
47,2002,24739.24183372478,78352.86890878361,3.1671491566072247
47,2003,12427.817436784651,-21702.60193414247,-1.7462923030962554
47,2004,9590.735222006857,18024.793077138223,1.879396382018619
47,2005,9792.985034930723,13981.507359799376,1.4277063949274464
47,2008,15168.167175173352,-26896.225920787605,-1.7732021021505004
47,2011,6872.493896881555,4547.832257659524,0.661744095505583
47,2012,4081.8419484357,-29751.056262030877,-7.288635042185425
47,2013,3199.3181955431937,72129.85610767419,22.54538364085029
47,2014,2362.515115072223,-39782.36952744864,-16.838990478260907
47,2017,3939.1513768973527,-9883.637094128208,-2.509077755197362
47,2018,4799.945413049136,5926.154834268207,1.234629631028169
47,2019,4119.839902595617,7651.4250015756115,1.8572141594033775
47,2020,9242.42365843209,28902.391360399284,3.1271441808481613
48,2002,18928.56819076033,41013.59695640356,2.166756436254047
48,2003,18805.362436926225,32571.916964532633,1.7320547303344918
48,2004,10576.570772497915,37190.54630884345,3.516314229707555
48,2005,5635.61924786077,-7907.066559361294,-1.40305194719511
48,2008,2311.5059131770686,9087.552995450562,3.931442677107453
48,2011,10540.922458563786,6554.126802438113,0.6217792444828516
48,2012,4570.450847490138,-3771.0938093093864,-0.8251032414844329
48,2018,8289.22672028991,24385.14136888215,2.941787236823135
48,2019,4659.234245797881,21605.093135625677,4.637048063232945
49,2002,19189.529734289565,92632.13129043538,4.827222582995978
49,2003,12417.821723509784,-1978.2817930076271,-0.15930988840516902
49,2004,8514.96354614629,38355.693213745835,4.504504688232622
49,2005,9684.396333433688,7962.34388924815,0.8221827788851999
49,2009,3227.5191930249566,132.22782205053954,0.04096887241950387
49,2011,6779.670473219157,14653.755404203723,2.16142590736357
49,2012,4845.325885196711,16308.53771815938,3.365828863644593
49,2013,4093.568170009996,-21776.113014011906,-5.319592128340868
49,2018,18766.194566952414,-17938.563415716577,-0.9558977634872597
49,2020,3153.4538924247317,9289.77483203722,2.9459047599691366
50,2002,32659.748444047495,60376.00724036587,1.848636628166372
50,2003,17874.069264186022,-17052.523985827138,-0.9540370317348494
50,2005,10175.016239851451,92618.3387259178,9.10252490439956
50,2009,2354.0466093174764,-36546.88968998159,-15.525134271057555
50,2011,7143.23208596959,11389.495794701768,1.5944457155567568
50,2012,4557.35357934027,320.76694245572435,0.07038447574264341
50,2014,6280.524794908968,-2583.7312844563858,-0.41138780099248623
50,2015,7150.323572132882,-39777.194626362005,-5.562992251341822
50,2017,2828.5787333101907,-63399.51924064482,-22.413913565153088
51,2002,25364.99193960885,21598.236994257575,0.8514978851828737
51,2003,20614.64974426711,40052.75686433786,1.9429268680869267
51,2004,3412.8825344130455,3159.721559392725,0.9258219489045908
51,2005,11173.779682671186,17262.347049796197,1.5448977463344336
51,2006,5699.323605108162,930.7278308024397,0.16330496306057293
51,2009,4179.444836652139,-23536.825901357137,-5.631567545753479
51,2011,10334.545282156963,15017.615310605353,1.4531471777992895
51,2013,8550.870440024708,7666.079551049072,0.8965262197361653
51,2017,8643.8183829638,-5237.278354742593,-0.6058987038719837
51,2018,3390.657249987911,-3888.422418261325,-1.1468049205726083
51,2019,4840.012553822773,48160.73929967909,9.950540161644918
52,2002,14730.388542425586,6969.794542943229,0.47315754929812226
52,2003,11741.412393731182,134173.25781616,11.42735246125892
52,2004,3053.9155776495463,-39937.580072400044,-13.077499707158932
52,2005,10547.657428710867,40547.525498721865,3.8442209346267684
52,2008,1545.4679208495654,15116.242915535899,9.78101370569134
52,2011,6832.362792555883,-8655.082114870806,-1.2667773034975314
52,2012,4382.239144779771,10342.142799311783,2.3600133305439512
52,2013,4780.111642648029,28762.440429453825,6.01710641501259
52,2018,15277.897410417441,54185.34932597392,3.5466496383872106
52,2019,8628.397127985896,-46863.104683782294,-5.4312642300368275
53,2002,23500.805178124952,20906.7502949459,0.8896184678134496
53,2003,18894.78115663203,21589.259566254157,1.142604372460613
53,2004,6118.794468696753,103392.89405001936,16.89759225922179
53,2005,11304.340192066651,-32174.70379541762,-2.846225719392072
53,2006,1842.795411471452,-20478.20927091915,-11.112578826407823
53,2011,1940.5973021343816,6133.543328274653,3.160647147931529
53,2012,4086.0540267238976,14579.399691757484,3.568087841326686
53,2014,2401.141213507246,17599.768062791554,7.3297513548086215
53,2015,4748.206475945102,-30226.662127185642,-6.365911482644445
53,2018,15623.879458495416,30897.421677846025,1.97757680862327
53,2020,4220.206489708507,-16349.391501616425,-3.8740738258865832
54,2002,33789.119240300555,-7668.313627527648,-0.22694624186538692
54,2004,9645.805766619334,19047.121963937418,1.974653276748808
54,2005,5430.118717154197,23001.434103946143,4.2358989373994165
54,2008,1803.1772421091446,7078.079485711263,3.925337632052276
54,2011,6209.147860080702,18132.976661109395,2.920364769808158
54,2012,4454.532716966089,20642.970517158596,4.634149489695115
54,2013,5386.116985641187,-38747.480320676346,-7.193954461808571
54,2018,12300.237033624435,-8868.284203593212,-0.7209848216217708
54,2019,6378.0203846139775,73450.8981346073,11.516253273789564
55,2002,30065.265829006705,26697.92445885486,0.8879989490429496
55,2003,10861.203597345884,3281.8505261773535,0.30216269281420416
55,2004,6327.775654277357,12377.850059833028,1.956113923139173
55,2005,10214.098738848144,103070.64208364568,10.091016811070016
55,2008,1523.5292149226589,-588.771012024692,-0.38645206554478884
55,2012,4333.882100504037,49726.741809383006,11.47394891143894
55,2014,6794.944098256441,9546.136800464621,1.4048882025260703
55,2018,11765.396793488064,13064.022308599582,1.110376686643521
55,2019,9164.510482414044,13284.923208542983,1.4496053263331063
56,2002,17042.42683763409,12327.789923232136,0.7233588291550815
56,2003,13964.028420549323,84133.1606715513,6.024992082352239
56,2004,11198.57263899094,-2029.2938917556603,-0.1812100485636991
56,2005,14777.506478092779,-4267.478871430503,-0.28878206737766726
56,2011,6962.081120775663,9993.81940415551,1.4354643720442708
56,2012,4636.469121997943,-11077.035195776698,-2.3891100974276287
56,2013,4478.747821767145,16692.473018259596,3.7270401644702056
56,2014,2520.9229413821304,966.8200241840095,0.3835182774979775
56,2018,16213.367388013838,-4712.754173128487,-0.29067090508369753
56,2019,4620.377726645616,2659.7137342829956,0.5756485490232726
57,2002,26363.27027818843,33841.51031524147,1.2836613196368183
57,2003,15367.81582932017,79471.41886986155,5.171289124784959
57,2004,6779.399523601605,19120.915518745955,2.8204438242913628
57,2005,16007.362901485816,-15464.815299700596,-0.9661063721036236
57,2009,5891.736830925627,-29739.79292859102,-5.047712377865785
57,2011,1925.8971857610159,-8960.098252687574,-4.652428135278157
57,2013,5784.510380254942,14558.886433813168,2.516874458987748
57,2018,12457.499626310542,25234.923233152047,2.0256812354106177
57,2019,5431.973081482749,-2395.0233342135325,-0.44091222439559113
58,2002,21251.258276315988,40864.75123938007,1.9229332544945277
58,2003,24223.043284774583,48647.79349301502,2.008327067788078
58,2005,11452.573213821335,29157.02568267734,2.545892974295916
58,2006,2585.6735006029485,-17442.961684996553,-6.746003190630627
58,2011,7423.445317700593,4875.060990680184,0.6567113761929387
58,2012,4681.636245606875,3963.517455806432,0.8466094433384681
58,2014,7668.271956654557,-13559.688939471875,-1.768284825592906
58,2017,9112.221665524441,-43112.82038335217,-4.731318219185449
58,2018,6610.926644522406,71958.22043575635,10.88474041613796
58,2019,6350.184257107729,-19613.756204692036,-3.088690880542318
59,2002,13056.887106768932,33542.38852337723,2.5689422179340307
59,2003,22115.55073180853,147319.45933520643,6.661351603752677
59,2004,13758.008356838254,-63145.025889301905,-4.58969236327847
59,2005,5320.611110287486,85096.28395635728,15.993704894503992
59,2006,2591.005922211276,-47800.75210804702,-18.448723601238164
59,2010,7708.69626303995,-47394.171383848414,-6.148143572744474
59,2012,4434.425156747457,29645.536435014918,6.68531667287383
59,2014,8393.407758496527,-4108.990819479426,-0.48954976783058746
59,2018,11815.806933263259,14612.593172005552,1.2366987083098764
59,2019,11021.946980751527,16058.559171892295,1.456962113856707
60,2002,28251.527885238378,135276.89980801003,4.788303852362376
60,2003,29552.97800983934,-20881.998332102987,-0.7065954004753956
60,2004,40829.63572817785,-34859.20676017046,-0.8537721715727432
60,2006,15142.131600217544,-34782.373421483906,-2.2970592476546825
60,2008,5641.210825778835,11122.727176228975,1.9716914541468769
60,2011,6286.346521194791,2924.6465071981365,0.4652378766168102
60,2012,5001.71740484162,4920.271810604259,0.9837164742337258
60,2013,6313.773288707249,661.0383748975,0.10469783197312875
60,2016,12180.441054287774,-56106.217163289315,-4.6062549716571
60,2017,4065.5949527961784,-50785.37083817294,-12.49149790567417
60,2018,16970.458749472513,21295.2849750756,1.2548443910355407
60,2019,1032.3688008520985,19696.600771194935,19.079035277836486
60,2020,1208.8719767882721,-16251.956731836399,-13.443902285678384
61,2002,31943.77241233425,63614.54360170034,1.9914536949661352
61,2003,12881.015293882723,125.3674338523997,0.009732729213662025
61,2004,5664.22146950342,28467.98317480227,5.02593045276848
61,2005,17233.343498676317,8257.867309523514,0.4791796385975708
61,2008,1475.8806960342336,2834.5642999227275,1.9205917575447295
61,2009,1398.663040601241,-23857.408578446193,-17.057295349843983
61,2012,5043.182406257954,77537.91901279191,15.374799633774325
61,2013,5570.469886470295,-36701.379236765206,-6.588560747075662
61,2015,2012.4419091737363,-11563.446869887179,-5.745977966954023
61,2018,17966.081167374738,22770.79083983504,1.2674322590273805
61,2019,5677.949572057172,18875.337324727967,3.3243228185081013
61,2020,6334.475508365314,-44196.08236760087,-6.977070526081517
62,2002,11978.518749729119,64124.34145859569,5.353278047007756
62,2003,13525.614644627203,90290.6631989097,6.675531247282427
62,2004,15943.198825663829,-50595.299676616356,-3.1734722893358707
62,2005,10617.324223484611,109705.92833028213,10.332728474809313
62,2008,1563.1098003752413,1971.368193549919,1.2611834389859693
62,2011,7343.388557362079,-24491.78951002838,-3.335216340346617
62,2012,6049.090262929036,58340.73653504456,9.644547196225062
62,2013,20043.67127296381,-46280.62496728951,-2.308989422996364
62,2017,10613.35181952332,-55705.708230205346,-5.248644271617793
62,2018,6664.138944470556,76584.88285077334,11.4920897491668
62,2020,7171.580689177557,30583.196692553174,4.2644987232320295
63,2002,28478.0438730827,-17888.407166504127,-0.6281473280337262
63,2004,7292.868093082798,67680.61568195894,9.280383906319823
63,2005,36314.9638648461,-4966.717139692279,-0.13676778416128896
63,2009,3724.601822366356,-33130.94611698267,-8.895164556391036
63,2012,6205.557575924147,37884.813642503985,6.104981410451596
63,2013,1266.3097593251732,-4073.614616063307,-3.2169179666072933
63,2014,2671.0365369269275,7337.742803427216,2.7471517899449673
63,2016,2444.0054432972684,-26213.250801535498,-10.725528813131673
63,2018,17849.598769089615,54908.14434591695,3.076155663566069
63,2019,12563.727704505436,22805.89493353985,1.8152172245313392
64,2002,34287.130311366695,113207.95350049395,3.3017622785119416
64,2003,27292.019213914115,12651.933382364048,0.46357630350464485
64,2004,10030.585153092106,-25894.13940528792,-2.5815183272040305
64,2005,12962.694313706015,97921.51460863318,7.554101966679608
64,2006,11322.154600044829,-42121.873886315676,-3.7203054872743833
64,2011,6132.845118864498,-2172.565445318469,-0.35425082538538355
64,2012,11922.771939533239,-10685.71885400993,-0.8962445065797562
64,2013,1220.9705716356984,7840.266853785492,6.42133974063119
64,2016,8318.700795283308,-59033.209465928,-7.096445817524744
64,2018,6916.89392545115,33291.13759197621,4.813018379460664
64,2019,5020.130296019488,14624.733120814373,2.913217836678556
64,2020,6221.9313845215365,-8481.590942362847,-1.363176547311776
65,2002,36504.6958346841,37943.8945325645,1.039425029163316
65,2003,20415.90547971858,111995.82604786562,5.48571436907972
65,2004,7093.996457455971,-118753.17825424107,-16.739954546978726
65,2005,4964.955964571447,116426.55466144875,23.449665111279224
65,2006,4444.369741937786,-37224.52452901518,-8.375658797637513
65,2008,2081.920468201977,26292.207040308975,12.628823935342682
65,2009,2862.6162808579393,-27649.614664462628,-9.658861667682514
65,2010,4786.379896465514,-60657.34199554552,-12.67290589289365
65,2012,10995.493668894516,-51189.168924897036,-4.655468000468921
65,2014,9676.885470931535,5726.052347404009,0.5917247201699906
65,2015,2364.1865248999093,-41838.621481232956,-17.69683611702518
65,2018,19830.671447348315,7998.914006722684,0.40336072472181816
65,2019,6269.1242051038425,-11853.508844873926,-1.8907758814578444
66,2002,32963.62430675124,67280.2038857493,2.041043887033069
66,2003,22609.051921319042,-91898.0743143383,-4.06465846662432
66,2004,9219.6939112689,197611.298792151,21.433607307789018
66,2005,20916.406330945494,-40912.069324007665,-1.9559798502995662
66,2008,9675.74091945152,-16876.529896000167,-1.7442106022157557
66,2012,13010.242524430854,-15131.380582585873,-1.163036012139813
66,2013,1315.2720500353607,8626.214540495246,6.558502129094382
66,2018,11770.815102250781,58366.98709180349,4.958618972839249
66,2019,6032.388292886433,22052.428752925305,3.655671300027249
67,2002,20472.884987337457,70893.90861965856,3.4628196594425584
67,2003,14672.956510488584,11779.178108044434,0.802781504846988
67,2004,19887.900204549544,38998.16130281388,1.9608988833266916
67,2005,4715.333596274257,62325.39806214417,13.217601000995892
67,2008,2356.049521895882,3774.1779920279514,1.6019094492508459
67,2009,2730.0417683943524,-3684.4059903229936,-1.3495786156011602
67,2012,6438.25895987777,78341.53339059642,12.168124003524662
67,2013,8496.626344452903,-10092.759078834613,-1.1878548814169942
67,2015,3186.5790570239187,-21557.599575730914,-6.765123095946181
67,2018,14012.443398347124,-7081.391742517066,-0.5053645207482066
67,2020,7849.893584160542,-29757.07336765871,-3.7907613713009205
68,2002,46614.79468911822,115864.78588873963,2.485579667602551
68,2003,16654.162831139576,1345.9680440712254,0.0808187152796756
68,2004,8566.675077407097,12973.0482628491,1.5143621236508593
68,2005,12797.87783685833,18338.39272870071,1.4329245022081323
68,2006,5311.555264074064,-25635.453480284486,-4.826355409248176
68,2008,1642.2300927623291,-13491.594729196338,-8.215410732428285
68,2010,6179.072277170606,-44706.09042131103,-7.2350813222372485
68,2012,5899.372461318388,20026.840184457833,3.394740765356295
68,2013,24644.884958164534,-70328.93008558097,-2.853692772555706
68,2014,10757.793268641399,-26678.504621395026,-2.4799235266178576
68,2015,4426.494592490024,-39714.22495086241,-8.971935720477651
68,2016,11951.73903245799,-24701.702707650373,-2.0667873219593074
68,2020,16474.54179914086,-52927.880568274006,-3.212707291867393
69,2002,29734.026759968372,12945.108274568367,0.4353634433394899
69,2003,18825.381183020014,24621.22061790846,1.3078736827977824
69,2004,29764.232631601393,118618.81203322296,3.9852803699458574
69,2005,20957.621216911124,-125798.01074940956,-6.002494722440189
69,2006,21339.096816857927,-41415.89193502447,-1.9408455892240872
69,2008,21450.66197730787,-32318.415690008784,-1.5066395491289566
69,2011,7006.326152806811,-31230.623086498643,-4.457489189821304
69,2013,9404.86900372483,-37420.36299255723,-3.9788287298564997
69,2016,10553.326463363832,-63979.27268393483,-6.062474510386907
69,2018,11522.17405759386,10593.479319009231,0.9193993482529836
69,2020,9074.048124988738,48721.01212510659,5.369269751935226
70,2002,26525.826536991925,61220.49566298042,2.3079580791801004
70,2003,30230.288671883754,61269.319732272765,2.0267527180201044
70,2004,9097.3486417206,-5265.309646550042,-0.5787740861555244
70,2005,3777.9970659488463,-2099.515602281259,-0.5557218721010214
70,2008,1212.6916972448817,-5880.70218042261,-4.849296976125916
70,2009,12377.842864373699,-81082.68236878855,-6.550631096001655
70,2011,7880.117281038954,-7060.152396381542,-0.8959450912449739
70,2013,25549.58262255008,24608.31904379296,0.9631593363906321
70,2017,7530.384199768188,-17093.991717716388,-2.2700026006963365
70,2018,14639.68734504265,132.60110876953695,0.009057646221825828
70,2019,9674.460198313813,19615.4539568366,2.027550225515986
70,2020,10560.803944736545,-16057.877836282481,-1.520516612211673
71,2002,20375.747251610155,133896.12598916495,6.571348001903786
71,2003,21028.453854912193,16606.47962934873,0.789714723865421
71,2004,24418.855816017778,-23242.917694176722,-0.9518430293908493
71,2005,14193.264833578723,-2277.114163902239,-0.16043624850252877
71,2011,14259.889179601741,-10214.839277676365,-0.716333707017045
71,2013,1059.8723315449897,-1351.8593248734833,-1.2754926085322562
71,2014,2427.7944497866556,9121.699019622698,3.757195762773193
71,2015,4065.4014216255164,-15172.304274172056,-3.732055632554371
71,2018,13093.169290183345,62299.079266389745,4.758135932229848
71,2019,6342.224387949565,9032.743135027296,1.4242232034851692
71,2020,1054.5415956846555,-68069.323499755,-64.54873262307056
72,2002,45465.06301394862,57271.41362667602,1.2596796271701027
72,2003,23574.6369197772,20136.178284085647,0.8541458497370551
72,2004,30907.80541392055,-7860.321232679766,-0.25431508731899677
72,2006,6736.518513625313,-8804.28270299628,-1.3069484905576518
72,2008,1630.470441004145,9323.504513961903,5.71829104011227
72,2009,5421.358864542679,-19420.64270450879,-3.582246294656059
72,2010,4609.619903898973,-47391.513887810754,-10.281002528587099
72,2012,7622.465761996165,-18143.356488754565,-2.3802476856259696
72,2013,12436.727801388188,75192.77384939505,6.046025534224688
72,2014,12189.238980957074,-40956.507894535374,-3.360054549633545
72,2017,6248.932390865288,3588.276991409133,0.5742224058391941
72,2018,5879.880019413307,30144.649003477884,5.126745597520833
72,2019,7993.656645383569,-16446.69399828714,-2.0574681560516237
72,2020,1490.50076207245,64098.97040910175,43.004990027630754
73,2002,42321.02729151392,43163.40319513797,1.0199044294889543
73,2003,16399.329680594266,110480.87490316477,6.736914072402577
73,2004,11080.596702091687,-7331.53810122807,-0.6616555315874003
73,2005,13543.924510621582,18331.808641249372,1.3535078866448922
73,2008,1172.1375140835298,79686.93184426345,67.98428587670367
73,2012,5919.182905953203,2518.6967659619986,0.42551426539443915
73,2013,1950.6454879011144,50698.287359630456,25.990518356147625
73,2014,3904.4639811834786,-14096.567173185584,-3.610371933540743
73,2015,34680.69263547583,-86793.7248671925,-2.502652579043615
73,2016,6236.001453293022,-42062.06132377393,-6.745037126564872
73,2019,15585.535232194467,-17811.20851167658,-1.1428037758295668
74,2002,36766.003587944666,50882.800918415654,1.3839633344076536
74,2003,34227.922044118575,55138.21638127387,1.610913344672302
74,2004,12292.021414465387,247.47872983885463,0.02013328170317202
74,2005,5053.491901142406,29547.971662057214,5.8470404702493965
74,2006,7612.306497491954,-12928.82796201331,-1.6984113771920513
74,2008,12888.856698898191,-18582.73182057473,-1.441767276546979
74,2011,7267.522110405727,-21004.273245707212,-2.8901560843733844
74,2012,16503.389436092926,3828.8140494205873,0.23200167845806072
74,2013,12436.60828320327,64567.95292748511,5.191765428094233
74,2014,12457.296777202282,-88538.25957571209,-7.107341276298663
74,2018,4113.712136633054,40497.78757307696,9.844584703056823
74,2019,18152.862503497105,3623.9566278069397,0.19963554657612778
74,2020,1563.4117831759504,-42481.03125153313,-27.172004016265117
75,2002,88541.39732338532,25921.353568532475,0.292759707347494
75,2003,8341.44303719455,185106.23682775017,22.191152778045748
75,2004,20979.758344416332,-53188.03186990484,-2.5352070789728898
75,2005,12307.122579122544,13267.707006310171,1.0780510977291422
75,2010,25994.929616353416,-127182.07724436579,-4.892572479379037
75,2011,4609.705744013016,73473.92907641627,15.938962952644557
75,2012,15128.241792590357,-84346.21113946516,-5.575414003547787
75,2014,12878.468600933149,-2237.469759122818,-0.1737372531203512
75,2017,16836.868476901436,-46328.81628364924,-2.751629042372572
75,2019,16566.02744757745,-5895.874393739621,-0.35590152270342945
75,2020,1836.6154381727101,-18676.665082437336,-10.169066803129548
76,2002,88216.61825446872,142489.6892858668,1.6152250234172723
76,2003,15703.74798692757,-36461.58026224404,-2.3218393655193728
76,2004,13889.50245399162,122810.42067674,8.841959680236513
76,2005,13937.240138847439,7738.964412014582,0.5552723735055459
76,2006,8935.314977329923,-7744.554174493009,-0.8667354417994182
76,2008,1559.6163525957963,-88744.16018071573,-56.901275774014294
76,2010,8332.152262882795,-114908.96622836177,-13.791030528840222
76,2012,18802.91366971942,-34216.212590195355,-1.8197292819196322
76,2014,14543.310398722533,-21788.996259665873,-1.498214344760172
76,2015,6179.767507778772,-3291.7887281111907,-0.5326719369244324
76,2018,14008.05441432551,15829.510548144579,1.1300292017681153
76,2019,6614.867290099326,5407.603449492832,0.8174923565868898
76,2020,12806.166722758615,-18886.544758476724,-1.4748007867890944
77,2002,42536.11091027816,61753.09306734515,1.4517804224650805
77,2003,45310.41385307885,25002.82887442602,0.5518119731922748
77,2005,26128.61425599683,-19326.313981006446,-0.7396608864004652
77,2006,9010.85921533592,-18720.085733786284,-2.0775028536597113
77,2009,7177.100236755854,-3681.962373379094,-0.5130153198255164
77,2011,5819.100078257266,25329.743416012498,4.352862654941377
77,2012,19807.007044796424,-15725.3763964604,-0.7939299643250076
77,2014,3147.4729533178615,11404.424824868329,3.623359118255973
77,2015,62147.8191017239,-127234.93613311218,-2.0472952707295056
77,2017,27608.112146930303,-44342.65081075975,-1.606145707275031
77,2019,7483.580957724655,88607.25347390061,11.84022114205085
77,2020,2757.121940693469,-34989.79093067604,-12.690694021997244
78,2002,47857.011021895625,2101.1550494980183,0.04390485332518352
78,2003,23200.090642133844,92654.52460670308,3.9937139055152038
78,2004,23012.28467540082,-37586.47227303579,-1.633322062681337
78,2005,3799.111938037793,99732.34501256736,26.25148893719573
78,2006,7962.352921667334,-32676.550842184573,-4.103881247622723
78,2009,18226.828104116255,-54329.91178831033,-2.980766125513673
78,2011,7278.577051515342,14945.261744141753,2.0533219114621133
78,2012,28593.914870326,-41642.79859914479,-1.4563517723262362
78,2014,2902.9909319925355,10581.618111257616,3.6450744625628837
78,2015,27456.14341500064,-73496.17233873875,-2.6768570963460285
78,2018,14214.332100522239,-17651.468998435652,-1.24180783687945
78,2019,7986.167450813635,78066.02390118357,9.775154901520398
78,2020,3053.2345336143626,-55340.80509396753,-18.12530432388897
79,2002,64953.34623338509,45478.41638898809,0.7001704919955738
79,2003,5121.626742576074,6369.4534245706745,1.2436387391571158
79,2004,25897.614677646256,122330.90146153321,4.723635863156314
79,2005,14663.08010170242,-39111.810465970135,-2.6673666238397726
79,2008,25605.316477975808,-40024.281155580364,-1.5631238610156177
79,2012,8167.468415287905,22774.38262012432,2.7884261636684293
79,2013,14639.591410615481,-36869.52770550182,-2.518480650953615
79,2014,16443.472711951123,-4649.8585686521255,-0.2827783796103244
79,2017,23315.332627524796,-40018.11106094299,-1.7163860237490163
79,2019,20279.169126675173,40915.72207307938,2.0176231983419344
80,2002,97996.4215052608,151781.70633596322,1.5488494784252405
80,2003,29181.816963339224,29868.14269405068,1.0235189512556286
80,2004,30081.2232026289,-5700.9484314239235,-0.1895185043846787
80,2006,23092.696277832147,-46328.78252983297,-2.0062093214427423
80,2010,2084.4954071483808,-50569.589196547924,-24.259870769265852
80,2012,8291.220425794367,-30829.38666351739,-3.718317096914437
80,2013,28571.529738247453,-14063.496244776412,-0.4922206256933533
80,2014,3499.4922876002383,-23053.31445735303,-6.587616877750498
80,2016,12442.15687717637,-63140.351522323035,-5.074711092748426
80,2019,21893.469489753712,-27707.723500480643,-1.265570242918695
80,2020,1311.9301796487416,-2905.8416426025215,-2.2149361968184436
81,2002,44274.85288693564,45044.262938163476,1.0173780374424433
81,2003,28213.299507766555,75729.90786911623,2.684191824081735
81,2004,67277.88613376726,686.5006625103997,0.01020395707952899
81,2008,27113.975936500763,-20526.20766953955,-0.7570342216726402
81,2013,15630.849643997033,-27747.042922636727,-1.775146172766934
81,2014,4100.02683593554,6121.325028834923,1.4929963324101427
81,2016,13121.34326637385,-65885.31726584234,-5.021232653419491
81,2018,3225.538070107694,115866.32389934408,35.9215490194092
81,2019,9169.879819827329,-26449.677627343044,-2.884408317997029
81,2020,14596.495046039869,-28151.312788695155,-1.9286351072569852
82,2002,29736.649781764718,110472.48913736362,3.715028086489696
82,2003,36643.787133959995,43224.713340674934,1.1795918686749494
82,2004,6045.532146449434,36511.12517209811,6.039356716272073
82,2005,14155.935498477076,13585.150778605777,0.9596787707931627
82,2006,9841.08107109234,-28252.60960965359,-2.8708847539772995
82,2008,14132.577459480497,-23128.824350310722,-1.636560946976824
82,2009,11003.142621450708,-38419.80407185911,-3.491711903920923
82,2012,7179.492016548524,47493.41483509884,6.615149752326192
82,2013,28816.93357970228,-21700.39008546807,-0.7530429990216976
82,2015,7730.264311084931,-27713.86420693918,-3.5851121115223004
82,2018,4512.220014564635,48532.31279709726,10.755750526446777
82,2019,8870.906366929354,1614.5284725510865,0.1820026506614963
82,2020,15949.97742263088,-16008.235760851006,-1.0036525655602162
83,2002,32260.577309657587,193370.4698904661,5.994017653012625
83,2003,23339.092907750164,-18095.544215925736,-0.7753319414533367
83,2004,40912.39076498803,28132.264834808477,0.6876221190887598
83,2009,10094.005521671963,-37252.30420729244,-3.6905373320146553
83,2011,5603.316109744483,-4272.280050198198,-0.7624556542095604
83,2012,8743.869664304017,34593.39872818143,3.956303107925495
83,2013,3346.949115798052,-16887.32025676116,-5.045586195813592
83,2014,16214.127015307778,-16947.232790195325,-1.045214014556283
83,2016,35930.60010596947,-102523.34878770646,-2.853371457346557
83,2017,20351.33821559546,-93623.8980987639,-4.600380432330432
83,2018,1366.7742299207603,16335.685743392329,11.9520001078301
83,2020,30299.84654138249,-65303.41880937389,-2.1552392590564686
84,2002,76291.03995138826,51862.830227459606,0.6798023760130414
84,2003,38943.425700491236,18140.6321837235,0.4658201444125824
84,2004,3579.6176165853976,49813.670588966925,13.915919498821848
84,2005,32995.144219920854,49638.2254847553,1.504410017240845
84,2008,2410.285290663771,17488.474860007525,7.255769650069663
84,2012,8762.726634192572,-4434.113974571228,-0.5060198908030643
84,2013,18429.499053645064,-4124.43212505948,-0.22379512937676582
84,2015,26397.37484067917,-61838.66945328977,-2.3426067867170817
84,2018,16388.670422752853,-9408.884019676829,-0.5741090507631547
84,2019,10268.915195918875,48154.843444956234,4.689379795841939
84,2020,2319.00379255024,45584.87971084134,19.65709580005086
85,2002,49340.37322140578,122075.74755030381,2.4741553332503488
85,2003,14638.142376355187,36825.909209814214,2.515750172596945
85,2004,14241.47479714459,74695.93334503571,5.24495773148524
85,2005,14885.855698987842,34704.4015988998,2.331367594894764
85,2006,42569.977446207544,-85966.53683070082,-2.01941701611964
85,2008,1941.949529866397,-12708.86356584361,-6.544384068888732
85,2009,28546.591862790112,67574.05217550643,2.3671495532742663
85,2012,8159.840722476656,-14221.762098576117,-1.7428970224138836
85,2013,2641.3050508358283,53438.96488637914,20.23203070371165
85,2014,33959.28132850956,-72767.70341712469,-2.142792796855645
85,2016,16833.898757261573,-104590.25414793874,-6.213073730339625
85,2019,9810.849443636369,-45737.28786188783,-4.661909055342247
85,2020,18611.202813527023,49825.434530163766,2.677174335768861
86,2002,169398.89512236882,142098.46695422824,0.8388393965118867
86,2003,18329.72428140574,161874.30513897177,8.83124604897534
86,2005,2258.186661369109,39384.47675078455,17.440753425983953
86,2012,8786.430258537934,15131.035680088738,1.722091365305681
86,2013,3638.7323697084794,-3476.171787725645,-0.9553249413625169
86,2014,18590.69649313338,-28204.841878191393,-1.5171482084390477
86,2016,2468.7913309175055,-50234.57386613544,-20.347841163014042
86,2019,11014.191961891367,12872.6517427722,1.168733193257483
86,2020,19651.53331217449,-68580.14602843625,-3.489811453335785
87,2002,65587.73685507156,131292.60801251483,2.001785917733837
87,2003,35289.950419265544,54716.13443260902,1.5504735422563332
87,2004,53274.40509940393,47101.82891447289,0.8841361780875128
87,2006,14640.849050658057,-26743.028830608702,-1.8266036852150112
87,2009,14829.86649594421,-30131.24880398583,-2.0317950139488015
87,2011,7923.71052260499,6468.010937581246,0.8162856175940701
87,2013,4446.829925896716,-185.29247249482432,-0.04166844147012426
87,2014,4535.289387604047,-13417.102417444345,-2.9583784563155473
87,2015,30232.670634826645,-16834.345588258584,-0.556826282123624
87,2018,35566.10756974807,3141.1193390096887,0.08831777086794484
87,2019,10029.298737174482,95367.85419814842,9.508925469002039
88,2002,52648.83281768055,104577.8291106078,1.9863275881680786
88,2003,34084.23409782699,18176.48570473498,0.533281330381832
88,2004,16218.221141422458,89067.82557614212,5.491836915989309
88,2005,15493.612059328996,-14210.000063979882,-0.9171521792056083
88,2009,44756.21722775919,-14662.227629131288,-0.327602030227821
88,2011,22341.34731202107,-7284.743182415317,-0.3260655268760654
88,2013,20241.512047167344,-37950.08449531003,-1.8748641112816904
88,2014,4557.298353618244,-17066.502900609863,-3.7448728558796245
88,2016,2768.597289705649,-66459.86552654358,-24.004887158438795
88,2019,27211.788216587272,-11166.232222872844,-0.41034540376388545
88,2020,4033.0032123632263,3243.035395121202,0.8041241785227526
89,2002,85690.60495573032,59908.645244749205,0.6991273462907556
89,2003,35736.00310077501,49203.6508013265,1.3768649689942358
89,2004,44033.423387651914,17289.01537586673,0.3926339140988753
89,2006,16425.43126198137,-19325.82828222902,-1.1765796571174947
89,2012,9074.54024332366,4256.677106790361,0.46907909300662287
89,2013,25076.975608219975,-34254.27734875423,-1.3659652537017275
89,2016,21588.58281765424,-86251.78405798931,-3.9952499331015003
89,2018,33530.77605994814,-20306.184917038132,-0.6055984174280259
89,2020,80157.51707805297,-136427.53656921495,-1.7019930449738023
90,2002,54048.654114580306,223769.78632473797,4.140154643820692
90,2004,39730.7347109993,7444.3242009636015,0.1873694069619777
90,2006,17801.59033107583,-46173.72947282344,-2.5937980042276907
90,2011,6709.801886085304,7538.177105054492,1.1234574780347928
90,2012,9924.057403404848,8017.186947886716,0.8078537459019631
90,2013,24270.271516687353,-32114.869961257442,-1.3232184048364035
90,2014,4140.681314591202,5484.066660486511,1.3244358219893428
90,2017,11642.585861099767,-34043.69992058654,-2.924066897744205
90,2018,1477.7187371744076,38211.66813389829,25.858552898208504
90,2019,12753.212784960051,9836.383989462978,0.7712867459612288
90,2020,4513.472989799106,31282.3098107368,6.930873383188048
91,2002,60593.18071745057,32300.520251553797,0.53307187160504
91,2003,33481.00930211146,269563.9578484091,8.051249453564388
91,2004,59469.33481997915,-71052.99764698313,-1.1947837967596093
91,2009,21286.812926346087,-52452.44601048436,-2.464081691889416
91,2010,19532.63510379917,-57198.97485883528,-2.9283798399382306
91,2013,4503.058180232765,-62273.21311528096,-13.82909361212429
91,2014,4964.673289443017,98559.11380895879,19.85208453062499
91,2018,20809.77665897028,13437.038190547726,0.6457079482761072
91,2019,12926.555075121112,-20498.410118057276,-1.5857597015549187
91,2020,24003.998112398083,83023.15384764876,3.458721895364891
92,2002,100549.0692481632,48941.09234108165,0.48673839257816587
92,2003,22616.647268240806,46463.399247599125,2.0543893485417213
92,2004,27702.7278424534,-10095.701268245175,-0.36442986140786787
92,2005,1233.3777262591757,205171.72178934555,166.34946247296816
92,2006,19609.956516342936,-108870.86859107402,-5.551815910470839
92,2009,21101.357409473858,28421.281761034857,1.3468935296207334
92,2012,11267.555908867973,143037.36477045645,12.694622145862253
92,2013,5772.810138418106,-39016.05834945303,-6.75859025568861
92,2014,4487.139158628648,-2824.789602429024,-0.6295301978760853
92,2015,41287.997787485714,-45519.193417276954,-1.1024800391525331
92,2016,94034.42200397397,-266399.59804224945,-2.8330008561225717
92,2020,50258.95942336542,-5568.085209445679,-0.11078791270909347
93,2002,71751.54268403596,144040.25287198857,2.0074864941410686
93,2003,24904.6679550783,153389.88346559514,6.159081652574993
93,2004,52308.393509991234,-36166.43013612286,-0.6914077781649869
93,2007,6593.421530483523,-99939.7172086559,-15.157489438010632
93,2009,47914.61033175781,-60562.62321486359,-1.2639698579521303
93,2012,11523.337903458741,48399.95376451255,4.2001678827785875
93,2013,29537.66155758605,-63489.81565782579,-2.1494530138767853
93,2015,20402.79339912813,-73992.1413857051,-3.626569163263055
93,2017,12566.470733717666,-55841.07946495165,-4.443656508515308
93,2019,11349.950366955833,36687.58572372992,3.2324005425206
93,2020,5025.373198818532,-20749.106512659462,-4.128868780837529
94,2002,124120.15089528961,59012.5466734994,0.4754469459458169
94,2003,5915.067620700807,33361.420563032036,5.6400742480572745
94,2004,59523.93893059704,246079.9732579738,4.134134562984734
94,2006,25767.087960452307,-21161.007906961953,-0.8212417305145295
94,2010,7253.36498297588,-41222.14550837944,-5.683175409638217
94,2012,16106.040149690234,17820.690218098694,1.1064600642040148
94,2013,34721.38556920539,-44034.17064725526,-1.2682146730431587
94,2016,8285.255167122232,-107233.55715023121,-12.942698201469792
94,2018,80050.21881092631,-27397.107174802804,-0.3422489979635544
95,2002,73117.04080757289,-46660.09809847927,-0.6381562708654722
95,2003,94230.7549129792,261251.43256558327,2.772464603587707
95,2004,30944.100819860003,-59255.56994071556,-1.9149229859891481
95,2007,4568.592757600942,-67818.78866955976,-14.84456861617334
95,2009,28353.36971345637,-28571.49487608904,-1.0076930948538771
95,2012,15697.695199961076,52246.45006658451,3.3282879684601125
95,2013,64896.88530719024,-50497.29009766772,-0.7781157733323895
95,2016,7683.882326937746,2324.9015161711723,0.30256859973254097
95,2018,22903.440955577535,33107.08252665179,1.4455069258311348
95,2019,13906.954785792157,11456.875674115028,0.8238234646322272
95,2020,35411.86938798893,-42870.13871303655,-1.210614956339394
96,2002,102070.42941379023,34685.77292021562,0.3398219554813531
96,2003,22829.565351553843,256355.85403464362,11.229116721540883
96,2004,63279.18090550124,-49862.67230397917,-0.7879791045089888
96,2005,27499.941969555104,-24108.145105195697,-0.8766616719368198
96,2007,66441.0723044076,-184255.23273092322,-2.7732128085882803
96,2009,34704.58636608499,-43959.35901962209,-1.2666728989624645
96,2011,6281.675863388111,21237.36016591417,3.3808430469475863
96,2012,13713.61490004824,2169.5708785535535,0.15820561495757926
96,2013,37720.93910541409,-14217.021234795218,-0.3768999810705839
96,2017,14919.515176889254,-73731.17180684803,-4.94192813457234
96,2019,18925.121188053163,7185.655964779668,0.3796887688790996
96,2020,72804.6607987365,-73368.72241680429,-1.0077476031325399
97,2002,64574.81315155444,344674.0068600649,5.337592012091915
97,2003,49619.78902965295,-36688.81929506187,-0.7393989376524054
97,2004,37639.58333543874,153499.64370650798,4.078144073448966
97,2005,102416.28902825457,-114877.86146038037,-1.1216756880215404
97,2006,36502.55140042282,-132577.3127253803,-3.632001261255525
97,2009,34863.995072557125,-22706.426552775316,-0.6512858467745847
97,2011,9991.953934586258,76225.08313341555,7.628646372114389
97,2012,16509.697486131452,23760.817543679965,1.4392036900518395
97,2013,45063.410412845435,-66641.07363931392,-1.4788288997389714
97,2014,42340.30775527959,-58967.19306099019,-1.3926963734371376
97,2015,31192.298893410945,-9076.259529254632,-0.29097757623667486
97,2016,91530.34304368496,-295054.70141498675,-3.2235725509535684
97,2019,90109.23391566717,-102582.6336849992,-1.138425322548029
98,2002,143370.44843576895,301193.4924979352,2.1008059595549926
98,2004,139058.27605991205,22819.716302029206,0.164101820823649
98,2006,41315.569360324414,17231.746447105077,0.41707633983746634
98,2010,3980.6546027297154,-68009.59125225921,-17.085026971599582
98,2012,98880.24784255621,-109269.68414108409,-1.105070896616993
98,2014,4936.328574264888,-4047.9514886847464,-0.8200328296192404
98,2015,83067.0302378342,-129229.11790973751,-1.5557209345240086
98,2018,34574.070619421545,40326.47978933598,1.1663792855991648
98,2019,18870.736778204562,109668.64459408307,5.811571953075453
98,2020,97430.43599215127,-82449.01255967317,-0.8462346670224798
99,2002,161076.62189099146,163414.50757315685,1.0145141216318005
99,2003,61928.8223132554,397083.788680522,6.411938316410212
99,2004,100297.31904128334,-335768.4741077981,-3.347731298476608
99,2009,322386.36295442097,-442414.7123934773,-1.3723121174825437
99,2012,21279.675977928797,34246.88474724139,1.609370592990332
99,2013,13673.08178174845,126091.36640801607,9.221868809146558
99,2014,7163.02093885839,91633.29665174196,12.792549042352242
99,2015,100744.23766340176,-96235.55137861939,-0.9552462117005003
99,2016,129333.94810819323,-414554.3073315511,-3.2053015731396304
99,2019,21909.467119769193,178616.0771217188,8.152461040942033
99,2020,69691.05761145498,-136832.50921794935,-1.963415593157227
